"ObjectId","Lat","Lon","Alt","name","description","Street_Custom","Shared_Support?","Sign_Type","Suppport_Type","Support_Condition","Sign_Condition","Sign_Dimension","Sign_Dimension_Custom","Sign_Face_Direction","Sign_Backing_Material","Sign_Custom_Text","Sign_Mount_Height","Sign_Accessible?","Retro_ID","Barcode","R02_BG","R02_FG","R05_BG","R05_FG","notes","changed","pictureFolder","pictureName","picturePath","created","altitude","accuracy"
458,43.37187218577401,-79.73969157944703,53.187548828125,"WPT 458","b2","0","Yes","notruck","2in metal pole","Very Good","Very Good","Default","","north","al","","0","No","","","0","0","0","0","","","","","","2017-10-24-15-51-39","53.1875","0.8221"
457,43.371884645850514,-79.73968710578811,54.619921875,"WPT 457","b2","0","No","bikeroute","streetlight pole","Very Good","Good","Default","","north","al","","0","No","","","0","0","0","0","","","457","457_2017-10-24 15-50-54.png","/storage/emulated/0/MapIt/Pictures/b2/457/457_2017-10-24 15-50-54.png","2017-10-24-15-50-49","54.6199","2.1411"
456,43.37183397825265,-79.739649428966,52.96318359375,"WPT 456","b2","0","Yes","school40","2in metal pole","Very Good","Good","Default","","north","al","","0","No","","","0","0","0","0","","","","","","2017-10-24-15-50-07","52.9632","0.9858"
455,43.37183889977405,-79.7396491234631,50.90068359375,"WPT 455","b2","0","No","kmtab","u channel","Very Good","Fair","Default","","north","al","","66","Yes","183","","0","0","0","0","","","455","455_2017-10-24 15-48-54.png","/storage/emulated/0/MapIt/Pictures/b2/455/455_2017-10-24 15-48-54.png","2017-10-24-15-48-50","50.9007","0.9437"
454,43.371946362402014,-79.73962702986864,50.957080078125,"WPT 454","b2","0","No","stop","u channel","Very Good","Very Good","Default","","south","al","","0","No","","","0","0","0","0","","","454","454_2017-10-24 15-48-09.png","/storage/emulated/0/MapIt/Pictures/b2/454/454_2017-10-24 15-48-09.png","2017-10-24-15-48-04","50.9571","0.7955"
453,43.37198091863138,-79.73959890312653,49.84892578125,"WPT 453","b2","0","Yes","name","2in metal pole","Very Good","Very Good","Default","","east","al","","0","No","","","0","0","0","0","","","","","","2017-10-24-15-47-36","49.8489","0.788"
452,43.372002031195734,-79.7396201656029,49.39287109375,"WPT 452","b2","0","Yes","name","2in metal pole","Very Good","Very Good","Default","","north","al","","0","No","","","0","0","0","0","","","","","","2017-10-24-15-47-13","49.3929","0.804"
451,43.37197251562702,-79.73960611814618,51.2849609375,"WPT 451","b2","0","Yes","bikeroute","2in metal pole","Very Good","Good","Default","","south","al","","76","Yes","182","","0","0","0","0","","","","","","2017-10-24-15-46-16","51.285","0.7855"
450,43.371983495469976,-79.73960561746753,52.768603515625,"WPT 450","b2","0","No","lrarrowtab","hydro pole","Fair","Fair","Default","","south","al","","66","Yes","181","","0","0","0","0","","","450","450_2017-10-24 15-44-46.png","/storage/emulated/0/MapIt/Pictures/b2/450/450_2017-10-24 15-44-46.png","2017-10-24-15-44-44","52.7686","1.0941"
449,43.37212554403595,-79.73953816494031,53.469775390625,"WPT 449","b2","0","Yes","warnbump","2in metal pole","Very Good","Very Good","Default","","east","al","","84","Yes","180","","0","0","0","0","","","","","","2017-10-24-15-43-31","53.4698","0.6109"
448,43.37210406386748,-79.73953920592794,52.823046875,"WPT 448","b2","0","Yes","warnbump","2in metal pole","Very Good","Very Good","Default","","west","al","","83","Yes","179","","0","0","0","0","","","","","","2017-10-24-15-42-19","52.823","0.607"
447,43.37208735121931,-79.73953274116138,50.560595703125,"WPT 447","b2","spruce and kenwood","No","warn30","u channel","Very Good","Good","Default","","west","al","","58","Yes","178","","0","0","0","0","","","447","447_2017-10-24 15-41-03.png","/storage/emulated/0/MapIt/Pictures/b2/447/447_2017-10-24 15-41-03.png","2017-10-24-15-40-53","50.5606","1.0025"
446,43.372276531124044,-79.73932325114947,52.2029296875,"WPT 446","b2","0","No","schoolahead","hydro pole","Good","Very Good","Default","","west","al","","0","No","","","0","0","0","0","","","446","446_2017-10-24 15-40-12.png","/storage/emulated/0/MapIt/Pictures/b2/446/446_2017-10-24 15-40-12.png","2017-10-24-15-40-04","52.2029","0.9941"
445,43.372292271393235,-79.73932038085513,53.49638671875,"WPT 445","b2","spruce","No","s40","u channel","Very Good","Very Good","Default","","west","al","","80","Yes","177","","0","0","0","0","","","445","445_2017-10-24 15-38-56.png","/storage/emulated/0/MapIt/Pictures/b2/445/445_2017-10-24 15-38-56.png","2017-10-24-15-38-51","53.4964","0.5829"
444,43.372451202018965,-79.73908637353088,53.65166015625,"WPT 444","b2","0","Yes","name","2in metal pole","Very Good","Very Good","Default","","east","al","","0","No","","","0","0","0","0","","","","","","2017-10-24-15-37-07","53.6517","0.6599"
443,43.37244195133735,-79.73906907099627,53.427294921875,"WPT 443","b2","0","No","name","hydro pole","Very Good","Very Good","Default","","north","al","","0","No","","","0","0","0","0","","","443","443_2017-10-24 15-36-42.png","/storage/emulated/0/MapIt/Pictures/b2/443/443_2017-10-24 15-36-42.png","2017-10-24-15-36-37","53.4273","0.6824"
442,43.37257246100762,-79.73893682234666,50.718310546875,"WPT 442","b2","0","No","stop","u channel","Very Good","Very Good","Default","","south","al","","79","Yes","176","","0","0","0","0","","","442","442_2017-10-24 15-35-29.png","/storage/emulated/0/MapIt/Pictures/b2/442/442_2017-10-24 15-35-29.png","2017-10-24-15-35-22","50.7183","1.0961"
441,43.3726605392676,-79.73890521493922,52.3845703125,"WPT 441","b2","0","No","noparklr","u channel","Good","Fair","Default","","west","al","","0","No","","","0","0","0","0","","","441","441_2017-10-24 15-34-46.png","/storage/emulated/0/MapIt/Pictures/b2/441/441_2017-10-24 15-34-46.png","2017-10-24-15-34-41","52.3846","0.8414"
440,43.37278161737868,-79.73894846994699,53.61259765625,"WPT 440","b2","0","Yes","s40","2in metal pole","Very Good","Very Good","Default","","east","al","","81","Yes","175","","0","0","0","0","","","","","","2017-10-24-15-33-30","53.6126","0.8759"
439,43.37277242626169,-79.73896473821878,51.0330078125,"WPT 439","b2","spruce and purnell","No","bumpahead","u channel","Very Good","Very Good","Default","","east","al","","56","Yes","174","","0","0","0","0","","","439","439_2017-10-24 15-32-14.png","/storage/emulated/0/MapIt/Pictures/b2/439/439_2017-10-24 15-32-14.png","2017-10-24-15-31-59","51.033","0.9345"
438,43.37392035179437,-79.73755593087117,50.35185546875,"WPT 438","b2","0","No","noparklr","hydro pole","Good","Very Good","Default","","west","al","","0","No","","","0","0","0","0","","","438","438_2017-10-24 15-30-21.png","/storage/emulated/0/MapIt/Pictures/b2/438/438_2017-10-24 15-30-21.png","2017-10-24-15-30-19","50.3519","0.7858"
437,43.375168341464814,-79.73621858564002,53.57451171875,"WPT 437","b2","0","No","noparklr","hydro pole","Good","Very Good","Default","","west","al","","0","No","","","0","0","0","0","","","437","437_2017-10-24 15-27-01.png","/storage/emulated/0/MapIt/Pictures/b2/437/437_2017-10-24 15-27-01.png","2017-10-24-15-26-56","53.5745","1.0335"
436,43.37504741848079,-79.73650517882561,51.124560546875,"WPT 436","b2","0","No","bumpahead","u channel","Very Good","Very Good","Default","","east","al","","86","Yes","173","","0","0","0","0","","","436","436_2017-10-24 15-25-13.png","/storage/emulated/0/MapIt/Pictures/b2/436/436_2017-10-24 15-25-13.png","2017-10-24-15-25-09","51.1246","0.7148"
435,43.375427564544225,-79.73592664828357,54.122607421875,"WPT 435","b2","0","No","s40","u channel","Good","Very Good","Default","","west","al","","83","Yes","172","","0","0","0","0","","","435","435_2017-10-24 15-23-32.png","/storage/emulated/0/MapIt/Pictures/b2/435/435_2017-10-24 15-23-32.png","2017-10-24-15-23-24","54.1226","0.9506"
434,43.37568514079521,-79.73560128445388,51.4626953125,"WPT 434","b2","spruce","No","noparklr","hydro pole","Very Good","Very Good","Default","","west","al","","0","No","","","0","0","0","0","","","434","434_2017-10-24 15-22-06.png","/storage/emulated/0/MapIt/Pictures/b2/434/434_2017-10-24 15-22-06.png","2017-10-24-15-22-03","51.4627","2.1741"
433,43.37310657392209,-79.73840207032663,52.014453125,"WPT 433","b2","0","No","school","hydro pole","Very Good","Very Good","Default","","west","al","","0","No","","","0","0","0","0","","","433","433_2017-10-24 15-13-51.png","/storage/emulated/0/MapIt/Pictures/b2/433/433_2017-10-24 15-13-51.png","2017-10-24-15-13-30","52.0145","1.089"
432,43.37310612048168,-79.73843561889043,51.348193359375,"WPT 432","b2","0","Yes","stop","2in metal pole","Very Good","Fair","30x30","","west","al","","81","Yes","171","","0","0","0","0","","","","","","2017-10-24-15-12-06","51.3482","0.8799"
431,43.37309414116589,-79.73844407043362,52.561572265625,"WPT 431","b2","0","Yes","alltab","2in metal pole","Very Good","Very Good","Default","","west","al","","74","Yes","170","","0","0","0","0","","","","","","2017-10-24-15-11-12","52.5616","0.8903"
430,43.37310391794108,-79.73842939547649,51.974169921875,"WPT 430","b2","0","No","redwhite","u channel","Very Good","Good","Default","","west","al","","36","Yes","169","","0","0","0","0","","","430","430_2017-10-24 15-09-13.png","/storage/emulated/0/MapIt/Pictures/b2/430/430_2017-10-24 15-09-13.png","2017-10-24-15-09-08","51.9742","0.8166"
429,43.37320109953089,-79.7384969774157,52.60625,"WPT 429","b2","0","No","bikeroute","u channel","Very Good","Good","Default","","east","al","","89","Yes","168","","0","0","0","0","","","429","429_2017-10-24 15-07-32.png","/storage/emulated/0/MapIt/Pictures/b2/429/429_2017-10-24 15-07-32.png","2017-10-24-15-07-28","52.6063","0.6064"
428,43.37325793305263,-79.73850079286603,52.589892578125,"WPT 428","b2","0","No","schoolahead","hydro pole","Fair","Very Good","Default","","north","al","","87","Yes","167","","0","0","0","0","","","428","428_2017-10-24 15-06-01.png","/storage/emulated/0/MapIt/Pictures/b2/428/428_2017-10-24 15-06-01.png","2017-10-24-15-05-57","52.5899","0.5284"
427,43.373277654945014,-79.73847723044491,53.399951171875,"WPT 427","b2","0","Yes","stop","2in metal pole","Very Good","Very Good","30x30","","north","al","","82","Yes","166","","0","0","0","0","","","","","","2017-10-24-15-04-59","53.4","0.4966"
426,43.37327236856436,-79.73848038438337,51.717822265625,"WPT 426","b2","0","Yes","alltab","2in metal pole","Very Good","Very Good","Default","","north","al","","76","Yes","165","","0","0","0","0","","","","","","2017-10-24-15-04-16","51.7178","0.8101"
425,43.373268572745474,-79.73847352369194,52.502001953125,"WPT 425","b2","0","No","redwhite","u channel","Very Good","Good","Default","","north","al","","40","Yes","164","","0","0","0","0","","","425","425_2017-10-24 15-03-08.png","/storage/emulated/0/MapIt/Pictures/b2/425/425_2017-10-24 15-03-08.png","2017-10-24-15-03-03","52.502","0.8667"
424,43.37336743322521,-79.73831883516141,52.336962890625,"WPT 424","b2","0","Yes","stop","2in metal pole","Very Good","Very Good","30x30","","north","al","","84","Yes","163","","0","0","0","0","","","","","","2017-10-24-15-01-42","52.337","0.4926"
423,43.3733657324201,-79.73831791277007,51.949755859375,"WPT 423","b2","0","Yes","alltab","2in metal pole","Very Good","Very Good","Default","","north","al","","76","Yes","162","","0","0","0","0","","","","","","2017-10-24-15-00-42","51.9498","0.5505"
422,43.37338277514209,-79.7383270360715,50.37626953125,"WPT 422","b2","Hampton and spruce","No","redwhite","u channel","Very Good","Good","36x12","","north","al","","40","Yes","161","","0","0","0","0","","","422","422_2017-10-24 14-59-30.png","/storage/emulated/0/MapIt/Pictures/b2/422/422_2017-10-24 14-59-30.png","2017-10-24-14-59-18","50.3763","0.5752"
421,43.3729169678918,-79.73802104950482,51.574755859375,"WPT 421","b2","0","Yes","leftrightintersection","2in metal pole","Very Good","Very Good","Default","","north","al","","0","No","","","0","0","0","0","","","","","","2017-10-24-14-56-23","51.5748","0.4934"
420,43.37288523914958,-79.73800330350059,51.708544921875,"WPT 420","b2","0","No","warn40","hydro pole","Very Good","Very Good","Default","","north","al","","84","Yes","160","","0","0","0","0","","","420","420_2017-10-24 14-55-11.png","/storage/emulated/0/MapIt/Pictures/b2/420/420_2017-10-24 14-55-11.png","2017-10-24-14-55-02","51.7085","0.95"
419,43.37298217067473,-79.73794572038423,50.536181640625,"WPT 419","b2","0","Yes","noparkr","2in metal pole","Very Good","Very Good","Default","","south","al","","0","No","","","0","0","0","0","","","","","","2017-10-24-14-54-18","50.5362","0.641"
418,43.37299220399382,-79.73798720594641,53.74833984375,"WPT 418","b2","0","No","nostopl","hydro pole","Very Good","Very Good","Default","","south","al","","0","No","","","0","0","0","0","","","418","418_2017-10-24 14-53-47.png","/storage/emulated/0/MapIt/Pictures/b2/418/418_2017-10-24 14-53-47.png","2017-10-24-14-53-40","53.7483","0.8269"
417,43.372673583903634,-79.73772141869995,50.84599609375,"WPT 417","b2","0","No","s40","hydro pole","Very Good","Very Good","Default","","north","al","","89","Yes","159","","0","0","0","0","","","417","417_2017-10-24 14-51-28.png","/storage/emulated/0/MapIt/Pictures/b2/417/417_2017-10-24 14-51-28.png","2017-10-24-14-51-24","50.846","0.5313"
416,43.37280689937597,-79.73767700935241,52.590869140625,"WPT 416","b2","0","Yes","noparklr","2in metal pole","Very Good","Very Good","Default","","east","al","","0","No","","","0","0","0","0","","","","","","2017-10-24-14-50-55","52.5909","0.5116"
415,43.37279977440994,-79.7376720458924,50.36357421875,"WPT 415","b2","0","No","name","hydro pole","Good","Fair","Default","","east","al","","0","No","","","0","0","0","0","","","415","415_2017-10-24 14-50-29.png","/storage/emulated/0/MapIt/Pictures/b2/415/415_2017-10-24 14-50-29.png","2017-10-24-14-50-23","50.3636","0.949"
414,43.37283004719393,-79.73772533439296,51.216357421875,"WPT 414","b2","0","No","s40","u channel","Very Good","Very Good","Default","","south","al","","86","Yes","158","","0","0","0","0","","","414","414_2017-10-24 14-48-41.png","/storage/emulated/0/MapIt/Pictures/b2/414/414_2017-10-24 14-48-41.png","2017-10-24-14-48-35","51.2164","0.5987"
413,43.37282667760792,-79.73756689819675,51.41875,"WPT 413","b2","Birdcage and hammersmith","No","stop","u channel","Very Good","Very Good","Default","","west","al","","87","Yes","157","","0","0","0","0","","","413","413_2017-10-24 14-47-24.png","/storage/emulated/0/MapIt/Pictures/b2/413/413_2017-10-24 14-47-24.png","2017-10-24-14-47-06","51.4188","0.8562"
412,43.36995040994316,-79.73630225993656,47.3923828125,"WPT 412","b2","Bromley","No","s40","u channel","Very Good","Very Good","Default","","west","al","","77","Yes","156","","0","0","0","0","","","412","412_2017-10-24 14-43-27.png","/storage/emulated/0/MapIt/Pictures/b2/412/412_2017-10-24 14-43-27.png","2017-10-24-14-43-17","47.3924","0.5292"
411,43.370365677887094,-79.73595046902119,48.170703125,"WPT 411","b2","0","Yes","name","2in metal pole","Very Good","Very Good","Default","","east","al","","0","No","","","0","0","0","0","","","","","","2017-10-24-14-41-54","48.1707","0.5981"
410,43.37037545680505,-79.73596319357785,47.57646484375,"WPT 410","b2","0","No","name","2in metal pole","Very Good","Very Good","Default","","north","al","","0","No","","","0","0","0","0","","","410","410_2017-10-24 14-41-41.png","/storage/emulated/0/MapIt/Pictures/b2/410/410_2017-10-24 14-41-41.png","2017-10-24-14-41-35","47.5765","0.6151"
409,43.37031525869497,-79.73610396616641,48.370654296875,"WPT 409","b2","0","Yes","yield","2in metal pole","Very Good","Good","Default","","north","al","","0","No","","","0","0","0","0","","","","","","2017-10-24-14-41-07","48.3707","0.7323"
408,43.370312463148366,-79.73611606098711,46.011279296875,"WPT 408","b2","0","No","yieldtab","streetlight pole","Fair","Fair","Default","","north","al","","0","No","","","0","0","0","0","","","408","408_2017-10-24 14-40-26.png","/storage/emulated/0/MapIt/Pictures/b2/408/408_2017-10-24 14-40-26.png","2017-10-24-14-40-19","46.0113","0.5233"
407,43.370230899456146,-79.73611349104976,49.3806640625,"WPT 407","b2","Bromley and thomas","No","schoolahead","u channel","Very Good","Very Good","Default","","east","al","","74","Yes","155","","0","0","0","0","","","407","407_2017-10-24 14-39-02.png","/storage/emulated/0/MapIt/Pictures/b2/407/407_2017-10-24 14-39-02.png","2017-10-24-14-38-48","49.3807","0.511"
406,43.37114161839418,-79.73489204238649,51.2927734375,"WPT 406","b2","Bromley","No","s40","hydro pole","Very Good","Very Good","Default","","north","al","","0","No","","","0","0","0","0","","","406","406_2017-10-24 14-36-36.png","/storage/emulated/0/MapIt/Pictures/b2/406/406_2017-10-24 14-36-36.png","2017-10-24-14-36-28","51.2928","0.7321"
405,43.36981878093502,-79.7330941775781,48.7615234375,"WPT 405","b2","0","Yes","s40","2in metal pole","Very Good","Very Good","Default","","east","al","","80","Yes","154","","0","0","0","0","","","","","","2017-10-24-14-33-25","48.7615","0.6023"
404,43.369828494354806,-79.73309182907542,48.64140625,"WPT 404","b2","hammersmith","No","begins","2in metal pole","Very Good","Very Good","Default","","east","al","","71","Yes","153","","0","0","0","0","","","404","404_2017-10-24 14-32-32.png","/storage/emulated/0/MapIt/Pictures/b2/404/404_2017-10-24 14-32-32.png","2017-10-24-14-32-14","48.6414","0.9074"
403,43.369921499217526,-79.73404413168828,45.361865234375,"WPT 403","b2","0","Yes","s40","hydro pole","Very Good","Very Good","Default","","north","al","","0","No","","","0","0","0","0","","","403","403_2017-10-24 14-31-14.png","/storage/emulated/0/MapIt/Pictures/b2/403/403_2017-10-24 14-31-14.png","2017-10-24-14-31-08","45.3619","0.6533"
402,43.370791633080444,-79.73508354785008,50.443896484375,"WPT 402","b2","0","Yes","name","2in metal pole","Very Good","Very Good","Default","","east","al","","0","No","","","0","0","0","0","","","","","","2017-10-24-14-29-54","50.4439","0.8162"
401,43.37079085971345,-79.73508736683652,51.346240234375,"WPT 401","b2","0","Yes","name","2in metal pole","Very Good","Very Good","Default","","north","al","","0","No","","","0","0","0","0","","","","","","2017-10-24-14-29-41","51.3462","0.7991"
400,43.370783988705625,-79.73510209724009,53.24931640625,"WPT 400","b2","0","Yes","stop","2in metal pole","Very Good","Good","Default","","south","al","","81","Yes","152","","0","0","0","0","","","","","","2017-10-24-14-28-46","53.2493","0.812"
399,43.37079300735877,-79.73506484169411,47.980517578125,"WPT 399","b2","0","No","warncross","2in metal pole","Very Good","Very Good","Default","","south","al","","67","Yes","151","","0","0","0","0","","","399","399_2017-10-24 14-27-53.png","/storage/emulated/0/MapIt/Pictures/b2/399/399_2017-10-24 14-27-53.png","2017-10-24-14-27-43","47.9805","0.5151"
398,43.370718495968504,-79.73512194935938,49.47001953125,"WPT 398","b2","0","No","stop","u channel","Good","Very Good","Default","","south","al","","89","Yes","150","","0","0","0","0","","","398","398_2017-10-24 14-26-42.png","/storage/emulated/0/MapIt/Pictures/b2/398/398_2017-10-24 14-26-42.png","2017-10-24-14-26-13","49.47","0.8205"
397,43.370859672378174,-79.73530193226725,51.528125,"WPT 397","b2","0","Yes","stop","2in metal pole","Very Good","Very Good","Default","","north","al","","0","No","","","0","0","0","0","","","","","","2017-10-24-14-25-17","51.5281","0.6397"
396,43.37088343663436,-79.73530482231945,52.2595703125,"WPT 396","b2","Hammersmith and Bromley","No","warncross","u channel","Very Good","Very Good","Default","","north","al","","79","Yes","149","","0","0","0","0","","","396","396_2017-10-24 14-24-01.png","/storage/emulated/0/MapIt/Pictures/b2/396/396_2017-10-24 14-24-01.png","2017-10-24-14-23-58","52.2596","0.8248"
395,43.37150903553356,-79.7359877345607,49.76494140625,"WPT 395","b2","0","No","s40","u channel","Very Good","Very Good","Default","","south","al","","79","Yes","148","","0","0","0","0","","","395","395_2017-10-24 14-22-28.png","/storage/emulated/0/MapIt/Pictures/b2/395/395_2017-10-24 14-22-28.png","2017-10-24-14-22-07","49.7649","0.5276"
394,43.37204069467043,-79.7368827799146,49.37431640625,"WPT 394","b2","hammersmith","No","s40","u channel","Very Good","Very Good","Default","","west","al","","79","Yes","147","","0","0","0","0","","","394","394_2017-10-24 14-19-30.png","/storage/emulated/0/MapIt/Pictures/b2/394/394_2017-10-24 14-19-30.png","2017-10-24-14-19-24","49.3743","0.6153"
393,43.37243473274157,-79.73696941333765,49.4158203125,"WPT 393","b2","0","No","nopass","hydro pole","Very Good","Very Good","Default","","west","al","","0","No","","","0","0","0","0","","","393","393_2017-10-24 14-17-44.png","/storage/emulated/0/MapIt/Pictures/b2/393/393_2017-10-24 14-17-44.png","2017-10-24-14-17-26","49.4158","0.4761"
392,43.37237369400191,-79.73704578437719,51.29423828125,"WPT 392","b2","0","No","name","2in metal pole","Good","Very Good","Default","","north","al","","0","No","","","0","0","0","0","","","392","392_2017-10-24 14-17-05.png","/storage/emulated/0/MapIt/Pictures/b2/392/392_2017-10-24 14-17-05.png","2017-10-24-14-16-39","51.2942","0.4986"
391,43.37229094222221,-79.73703739975826,51.280810546875,"WPT 391","b2","0","Yes","name","2in metal pole","Very Good","Very Good","Default","","west","al","","0","No","","","0","0","0","0","","","","","","2017-10-24-14-16-16","51.2808","0.5387"
390,43.372292004557494,-79.73703187000501,51.0125,"WPT 390","b2","0","Yes","name","2in metal pole","Very Good","Very Good","Default","","north","al","","0","No","","","0","0","0","0","","","","","","2017-10-24-14-16-01","51.0125","0.4903"
389,43.372292141275466,-79.7370383450907,52.11943359375,"WPT 389","b2","0","Yes","stop","2in metal pole","Very Good","Very Good","30x30","","south","al","","86","Yes","146","","0","0","0","0","","","","","","2017-10-24-14-15-39","52.1194","0.664"
388,43.37228905795837,-79.73704009096036,51.89921875,"WPT 388","b2","0","Yes","alltab","2in metal pole","Very Good","Very Good","Default","","south","al","","78","Yes","145","","0","0","0","0","","","","","","2017-10-24-14-14-10","51.8992","0.5003"
387,43.37230925995482,-79.73702026853971,51.330126953125,"WPT 387","b2","0","No","redwhite","2in metal pole","Good","Good","36x12","","south","al","","42","Yes","144","","0","0","0","0","","","387","387_2017-10-24 14-11-20.png","/storage/emulated/0/MapIt/Pictures/b2/387/387_2017-10-24 14-11-20.png","2017-10-24-14-11-12","51.3301","0.5202"
386,43.37224203531605,-79.73716850010533,51.398486328125,"WPT 386","b2","0","No","nothrough","hydro pole","Very Good","Less Poor","Default","","north","al","","0","No","","","0","0","0","0","","2017-10-24-14-10-59","386","386_2017-10-24 14-10-51.png","/storage/emulated/0/MapIt/Pictures/b2/386/386_2017-10-24 14-10-51.png","2017-10-24-14-10-19","51.3985","0.4885"
385,43.372268624285425,-79.73733483867181,51.02666015625,"WPT 385","b2","0","Yes","name","2in metal pole","Very Good","Very Good","Default","","east","al","","0","No","","","0","0","0","0","","","","","","2017-10-24-14-09-53","51.0267","0.4538"
384,43.37226431879026,-79.73733480998817,51.68681640625,"WPT 384","b2","0","Yes","name","2in metal pole","Very Good","Very Good","Default","","north","al","","0","No","","","0","0","0","0","","","","","","2017-10-24-14-09-39","51.6868","0.4843"
383,43.37227394858019,-79.7373285105732,52.8435546875,"WPT 383","b2","0","Yes","stop","2in metal pole","Very Good","Very Good","30x30","","east","al","","85","Yes","143","","0","0","0","0","","","","","","2017-10-24-14-08-44","52.8436","0.7623"
382,43.37226982754328,-79.73733170528612,52.75419921875,"WPT 382","b2","0","Yes","alltab","2in metal pole","Very Good","Very Good","Default","","east","al","","78","Yes","142","","0","0","0","0","","","","","","2017-10-24-14-07-45","52.7542","0.5962"
381,43.37226549283423,-79.73731170720384,51.08427734375,"WPT 381","b2","0","No","redwhite","2in metal pole","Very Good","Very Good","Default","","west","al","","41","Yes","141","","0","0","0","0","","","381","381_2017-10-24 14-06-51.png","/storage/emulated/0/MapIt/Pictures/b2/381/381_2017-10-24 14-06-51.png","2017-10-24-14-06-43","51.0843","0.654"
380,43.37236229416976,-79.73738397163652,51.512744140625,"WPT 380","b2","0","No","nothrough","u channel","Very Good","Less Poor","Default","","east","al","","79","Yes","140","","0","0","0","0","","","380","380_2017-10-24 14-05-22.png","/storage/emulated/0/MapIt/Pictures/b2/380/380_2017-10-24 14-05-22.png","2017-10-24-14-05-02","51.5127","0.5323"
379,43.372496316838806,-79.73745799931385,52.97978515625,"WPT 379","b2","0","Yes","stop","2in metal pole","Very Good","Very Good","30x30","","north","al","","0","No","","","0","0","0","0","","","","","","2017-10-24-14-04-22","52.9798","0.5501"
378,43.372511947161,-79.7374699079046,52.55791015625,"WPT 378","b2","0","Yes","alltab","2in metal pole","Very Good","Very Good","Default","","north","al","","86","Yes","139","","0","0","0","0","","","","","","2017-10-24-14-03-25","52.5579","0.5989"
377,43.372490068196385,-79.73746061361817,53.012255859375,"WPT 377","b2","0","No","redwhite","u channel","Very Good","Good","Default","","north","al","","50","Yes","138","","0","0","0","0","","","377","377_2017-10-24 14-02-08.png","/storage/emulated/0/MapIt/Pictures/b2/377/377_2017-10-24 14-02-08.png","2017-10-24-14-01-59","53.0123","0.8432"
376,43.37255832931987,-79.73726920164518,53.5828125,"WPT 376","b2","0","Yes","noparklr","2in metal pole","Very Good","Good","Default","","east","al","","0","No","","","0","0","0","0","","","","","","2017-10-24-14-01-17","53.5828","0.9077"
375,43.372548457653465,-79.7372460399838,52.82109375,"WPT 375","b2","0","No","schoolahead","2in metal pole","Very Good","Very Good","Default","","east","al","","69","Yes","137","","0","0","0","0","","","375","375_2017-10-24 14-00-03.png","/storage/emulated/0/MapIt/Pictures/b2/375/375_2017-10-24 14-00-03.png","2017-10-24-13-59-53","52.8211","0.7146"
374,43.372542102903935,-79.73711977857056,52.64384765625,"WPT 374","b2","0","Yes","stop","2in metal pole","Very Good","Very Good","30x30","","east","al","","81","Yes","136","","0","0","0","0","","","","","","2017-10-24-13-58-48","52.6438","0.4983"
373,43.37254228233269,-79.73711828066371,51.947314453125,"WPT 373","b2","0","Yes","alltab","2in metal pole","Very Good","Very Good","Default","","east","al","","72","Yes","135","","0","0","0","0","","","","","","2017-10-24-13-57-45","51.9473","0.5851"
372,43.37254418119028,-79.73712381886253,51.254931640625,"WPT 372","b2","0","No","redwhite","u channel","Very Good","Fair","Default","","east","al","","38","Yes","134","","0","0","0","0","","","372","372_2017-10-24 13-56-18.png","/storage/emulated/0/MapIt/Pictures/b2/372/372_2017-10-24 13-56-18.png","2017-10-24-13-56-12","51.2549","0.5641"
371,43.37245687028917,-79.73691853004311,52.8142578125,"WPT 371","b2","0","Yes","right","2in metal pole","Very Good","Good","Default","","west","al","","58","Yes","133","","0","0","0","0","","","","","","2017-10-24-13-54-07","52.8143","0.6118"
370,43.372444309474304,-79.73691049337685,52.772998046875,"WPT 370","b2","Hammersmith and Hampton","No","warn30","2in metal pole","Fair","Very Good","Default","","west","al","","40","Yes","132","","0","0","0","0","","","370","370_2017-10-24 13-53-15.png","/storage/emulated/0/MapIt/Pictures/b2/370/370_2017-10-24 13-53-15.png","2017-10-24-13-52-42","52.773","0.6762"
369,43.37254807372392,-79.73679905038807,50.2751953125,"WPT 369","b2","0","No","","hydro pole","Very Good","Fair","Default","","east","al","","0","No","","","0","0","0","0","","","369","369_2017-10-24 13-52-07.png","/storage/emulated/0/MapIt/Pictures/b2/369/369_2017-10-24 13-52-07.png","2017-10-24-13-52-02","50.2752","0.7325"
368,43.372545208568226,-79.73633687153415,53.13896484375,"WPT 368","b2","0","No","noparklr","hydro pole","Very Good","Very Good","Default","","east","al","","0","No","","","0","0","0","0","","","368","368_2017-10-24 13-51-06.png","/storage/emulated/0/MapIt/Pictures/b2/368/368_2017-10-24 13-51-06.png","2017-10-24-13-51-00","53.139","0.5881"
367,43.37244333176659,-79.73613514841054,51.3689453125,"WPT 367","b2","0","No","kidplay","u channel","Very Good","Less Poor","Default","","north","al","","67","Yes","131","","0","0","0","0","","","367","367_2017-10-24 13-49-19.png","/storage/emulated/0/MapIt/Pictures/b2/367/367_2017-10-24 13-49-19.png","2017-10-24-13-49-11","51.3689","0.7522"
366,43.37249703174166,-79.73593482683282,53.3484375,"WPT 366","b2","0","No","noparklr","hydro pole","Very Good","Very Good","Default","","south","al","","0","No","","","0","0","0","0","","","366","366_2017-10-24 13-48-44.png","/storage/emulated/0/MapIt/Pictures/b2/366/366_2017-10-24 13-48-44.png","2017-10-24-13-48-29","53.3484","0.5028"
365,43.372485663405314,-79.73590509004316,52.545458984375,"WPT 365","b2","0","Yes","leftright","2in metal pole","Very Good","Very Good","Default","","south","al","","50","Yes","130","","0","0","0","0","","","","","","2017-10-24-13-47-27","52.5455","0.4411"
364,43.372502291050296,-79.73590107179007,52.718798828125,"WPT 364","b2","Hampton","No","warn30","2in metal pole","Good","Very Good","Default","","south","al","","33","Yes","129","","0","0","0","0","","","364","364_2017-10-24 13-45-57.png","/storage/emulated/0/MapIt/Pictures/b2/364/364_2017-10-24 13-45-57.png","2017-10-24-13-45-49","52.7188","0.5804"
363,43.36903624953811,-79.73098227663831,45.710986328125,"WPT 363","b2","0","No","stop","u channel","Good","Very Good","Default","","east","al","","0","No","","","0","0","0","0","","","363","363_2017-10-24 13-41-52.png","/storage/emulated/0/MapIt/Pictures/b2/363/363_2017-10-24 13-41-52.png","2017-10-24-13-41-47","45.711","0.566"
362,43.368980690212084,-79.7308438540822,45.97490234375,"WPT 362","b2","0","Yes","name","2in metal pole","Very Good","Very Good","Default","","north","al","","0","No","","","0","0","0","0","","","","","","2017-10-24-13-41-13","45.9749","0.5096"
361,43.368971328629414,-79.73081143064701,45.140185546875,"WPT 361","b2","stratton and Hampton","No","name","hydro pole","Very Good","Very Good","Default","","west","al","","0","No","","","0","0","0","0","","","361","361_2017-10-24 13-40-42.png","/storage/emulated/0/MapIt/Pictures/b2/361/361_2017-10-24 13-40-42.png","2017-10-24-13-40-26","45.1402","0.5558"
360,43.368521723537015,-79.7303151816941,44.074755859375,"WPT 360","b2","0","No","noparklr","u channel","Very Good","Fair","Default","","south","al","","0","No","","","0","0","0","0","","","360","360_2017-10-24 13-38-52.png","/storage/emulated/0/MapIt/Pictures/b2/360/360_2017-10-24 13-38-52.png","2017-10-24-13-38-45","44.0748","0.5502"
359,43.36876400568053,-79.73071997061379,46.21123046875,"WPT 359","b2","0","Yes","noparklr","2in metal pole","Very Good","Very Good","Default","","south","al","","0","No","","","0","0","0","0","","","","","","2017-10-24-13-37-14","46.2112","0.7243"
358,43.368767973771355,-79.73073236881828,45.92265625,"WPT 358","b2","0","No","notruck","u channel","Very Good","Very Good","Default","","south","al","","0","No","","","0","0","0","0","","2017-10-24-13-37-51","358","358_2017-10-24 13-37-44.png","/storage/emulated/0/MapIt/Pictures/b2/358/358_2017-10-24 13-37-44.png","2017-10-24-13-36-57","45.9227","0.8089"
357,43.36920505895705,-79.73133795575086,49.484912109375,"WPT 357","b2","0","No","noparklr","u channel","Very Good","Very Good","Default","","south","al","","0","No","","","0","0","0","0","","","357","357_2017-10-24 13-35-48.png","/storage/emulated/0/MapIt/Pictures/b2/357/357_2017-10-24 13-35-48.png","2017-10-24-13-35-44","49.4849","0.7874"
356,43.369982238593366,-79.7324018607469,48.5134765625,"WPT 356","b2","0","No","noparklr","hydro pole","Very Good","Very Good","Default","","south","al","","0","No","","","0","0","0","0","","","356","356_2017-10-24 13-34-01.png","/storage/emulated/0/MapIt/Pictures/b2/356/356_2017-10-24 13-34-01.png","2017-10-24-13-33-57","48.5135","0.5067"
355,43.36974816578913,-79.73207520308279,46.500048828125,"WPT 355","b2","0","No","noparklr","u channel","Very Good","Very Good","Default","","south","al","","0","No","","","0","0","0","0","","","355","355_2017-10-24 13-33-21.png","/storage/emulated/0/MapIt/Pictures/b2/355/355_2017-10-24 13-33-21.png","2017-10-24-13-33-16","46.5","0.5196"
354,43.36948736397426,-79.73169297824097,47.408984375,"WPT 354","b2","Hampton","No","","u channel","Very Good","Very Good","Default","","south","al","","0","No","","","0","0","0","0","","","354","354_2017-10-24 13-32-38.png","/storage/emulated/0/MapIt/Pictures/b2/354/354_2017-10-24 13-32-38.png","2017-10-24-13-32-31","47.409","0.5585"
353,43.36996614673717,-79.73265099467426,47.428271484375,"WPT 353","b2","0","Yes","name","2in metal pole","Very Good","Very Good","Default","","west","al","","0","No","","","0","0","0","0","","","","","","2017-10-24-13-30-59","47.4283","0.5478"
352,43.36997430341489,-79.73265212447404,48.205615234375,"WPT 352","b2","0","No","name","hydro pole","Very Good","Very Good","Default","","north","al","","0","No","","","0","0","0","0","","2017-10-24-13-31-29","","","","2017-10-24-13-30-45","48.2056","0.5417"
351,43.369993079906635,-79.73269970160436,48.246875,"WPT 351","b2","Hampton and hammersmith","No","","u channel","Very Good","Very Good","30x30","","west","al","","84","Yes","127","","0","0","0","0","","","351","351_2017-10-24 13-29-34.png","/storage/emulated/0/MapIt/Pictures/b2/351/351_2017-10-24 13-29-34.png","2017-10-24-13-29-22","48.2469","0.6075"
350,43.370749251033885,-79.73350032573217,48.70830078125,"WPT 350","b2","0","No","noparklr","hydro pole","Very Good","Very Good","Default","","south","al","","0","No","","","0","0","0","0","","","350","350_2017-10-24 13-27-21.png","/storage/emulated/0/MapIt/Pictures/b2/350/350_2017-10-24 13-27-21.png","2017-10-24-13-26-50","48.7083","0.5103"
349,43.37099134487653,-79.73385045061696,49.71611328125,"WPT 349","b2","hampton","No","noparklr","hydro pole","Very Good","Very Good","Default","","south","al","","0","No","","","0","0","0","0","","","349","349_2017-10-24 13-26-15.png","/storage/emulated/0/MapIt/Pictures/b2/349/349_2017-10-24 13-26-15.png","2017-10-24-13-26-07","49.7161","0.4801"
348,43.371200901749035,-79.73411643783766,49.2302734375,"WPT 348","b2","0","No","kidplay","u channel","Very Good","Very Good","Default","","south","al","","64","Yes","126","","0","0","0","0","","","348","348_2017-10-24 13-23-47.png","/storage/emulated/0/MapIt/Pictures/b2/348/348_2017-10-24 13-23-47.png","2017-10-24-13-23-36","49.2303","0.5002"
347,43.37125802824721,-79.73443501285692,49.4666015625,"WPT 347","b2","0","Yes","name","2in metal pole","Very Good","Very Good","Default","","west","al","","0","No","","","0","0","0","0","","","","","","2017-10-24-13-23-06","49.4666","0.579"
346,43.371243244607285,-79.73441890485992,50.26396484375,"WPT 346","b2","0","No","name","2in metal pole","Very Good","Very Good","Default","","north","al","","0","No","","","0","0","0","0","","","346","346_2017-10-24 13-22-56.png","/storage/emulated/0/MapIt/Pictures/b2/346/346_2017-10-24 13-22-56.png","2017-10-24-13-22-35","50.264","0.8395"
345,43.37121921999733,-79.73451183413454,50.09013671875,"WPT 345","b2","Bromley and hampton","No","stop","u channel","Good","Very Good","Default","","west","al","","89","Yes","125","","0","0","0","0","","","345","345_2017-10-24 13-21-13.png","/storage/emulated/0/MapIt/Pictures/b2/345/345_2017-10-24 13-21-13.png","2017-10-24-13-21-04","50.0901","0.6147"
344,43.37146896620925,-79.73447150608081,49.26201171875,"WPT 344","b2","0","No","noparklr","u channel","Very Good","Very Good","Default","","south","al","","0","No","","","0","0","0","0","","","344","344_2017-10-24 13-19-49.png","/storage/emulated/0/MapIt/Pictures/b2/344/344_2017-10-24 13-19-49.png","2017-10-24-13-19-42","49.262","0.5664"
343,43.37167133813455,-79.73475031749695,48.33330078125,"WPT 343","b2","0","No","noparklr","u channel","Very Good","Very Good","Default","","south","al","","0","No","","","0","0","0","0","","","343","343_2017-10-24 13-19-09.png","/storage/emulated/0/MapIt/Pictures/b2/343/343_2017-10-24 13-19-09.png","2017-10-24-13-19-04","48.3333","0.5984"
342,43.37187596608874,-79.73504313329613,47.728076171875,"WPT 342","b2","Hampton","No","noparklr","u channel","Very Good","Very Good","Default","","east","al","","0","No","","","0","0","0","0","","","342","342_2017-10-24 13-18-16.png","/storage/emulated/0/MapIt/Pictures/b2/342/342_2017-10-24 13-18-16.png","2017-10-24-13-18-05","47.7281","0.5947"
341,43.37196325200148,-79.73536904123466,48.717333984375,"WPT 341","b2","0","No","s40","hydro pole","Very Good","Very Good","Default","","north","al","","0","No","","","0","0","0","0","","","341","341_2017-10-24 13-17-09.png","/storage/emulated/0/MapIt/Pictures/b2/341/341_2017-10-24 13-17-09.png","2017-10-24-13-16-42","48.7173","0.5363"
340,43.372151877568285,-79.73540630933712,49.818408203125,"WPT 340","b2","0","Yes","stop","2in metal pole","Very Good","Good","30x30","","south","al","","74","Yes","124","","0","0","0","0","","","","","","2017-10-24-13-15-17","49.8184","0.5406"
339,43.372153292229086,-79.73539966503449,49.558642578125,"WPT 339","b2","0","Yes","alltab","2in metal pole","Very Good","Very Good","Default","","south","al","","69","Yes","123","","0","0","0","0","","","","","","2017-10-24-13-12-52","49.5586","0.5077"
338,43.372154797643816,-79.73540634133133,50.291552734375,"WPT 338","b2","0","No","redwhite","2in metal pole","Good","Fair","36x12","","south","al","","31","Yes","122","","0","0","0","0","","","","","","2017-10-24-13-10-15","50.2916","0.5523"
337,43.37235106890337,-79.73524678498507,-1.0,"WPT 337","b2","0","No","nostoplr","u channel","Very Good","Very Good","Default","","west","al","","0","No","","","0","0","0","0","","","337","337_2017-10-24 13-08-46.png","/storage/emulated/0/MapIt/Pictures/b2/337/337_2017-10-24 13-08-46.png","2017-10-24-13-09-21","-1.0","-1.0"
336,43.37235001145382,-79.7352798863376,51.07451171875,"WPT 336","b2","0","No","s40b","u channel","Very Good","Very Good","Default","","west","al","","61","Yes","120","","0","0","0","0","","2017-10-24-13-09-17","336","336_2017-10-24 13-09-05.png","/storage/emulated/0/MapIt/Pictures/b2/336/336_2017-10-24 13-09-05.png","2017-10-24-13-05-42","51.0745","0.6132"
335,43.37231203041301,-79.7354791464495,51.16435546875,"WPT 335","b2","0","Yes","name","2in metal pole","Very Good","Very Good","Default","","south","al","","0","No","","","0","0","0","0","","","","","","2017-10-24-13-05-10","51.1644","0.512"
334,43.372311971482304,-79.73547646380757,50.493212890625,"WPT 334","b2","0","Yes","name","2in metal pole","Very Good","Very Good","Default","","east","al","","0","No","","","0","0","0","0","","","","","","2017-10-24-13-04-52","50.4932","0.5289"
333,43.372317545176884,-79.73548439252045,50.815966796875,"WPT 333","b2","0","Yes","stop","2in metal pole","Very Good","Very Good","30x30","","east","al","","75","Yes","119","","0","0","0","0","","","","","","2017-10-24-13-03-44","50.816","0.5688"
332,43.37231949019315,-79.73549229118544,50.5740234375,"WPT 332","b2","0","Yes","alltab","2in metal pole","Very Good","Very Good","Default","","east","al","","71","Yes","118","","0","0","0","0","","","","","","2017-10-24-13-02-42","50.574","0.5442"
331,43.37232321341162,-79.73549292155622,50.188525390625,"WPT 331","b2","0","No","redwhite","2in metal pole","Good","Fair","36x12","","east","al","","29","Yes","117","","0","0","0","0","","","331","331_2017-10-24 13-02-05.png","/storage/emulated/0/MapIt/Pictures/b2/331/331_2017-10-24 13-02-05.png","2017-10-24-13-01-23","50.1885","0.5684"
330,43.37231439492916,-79.7355859162235,51.147265625,"WPT 330","b2","0","Yes","stop","2in metal pole","Very Good","Very Good","30x30","","north","al","","84","Yes","116","","0","0","0","0","","","","","","2017-10-24-13-00-05","51.1473","0.5841"
329,43.37231466141566,-79.73558049329586,49.7634765625,"WPT 329","b2","0","Yes","alltab","2in metal pole","Very Good","Very Good","Default","","north","al","","76","Yes","115","","0","0","0","0","","","","","","2017-10-24-12-59-05","49.7635","0.5897"
328,43.37232029768893,-79.73558569567831,50.295703125,"WPT 328","b2","0","No","redwhite","u channel","Very Good","Very Good","36x12","","north","al","","39","Yes","114","","0","0","0","0","","","328","328_2017-10-24 12-57-53.png","/storage/emulated/0/MapIt/Pictures/b2/328/328_2017-10-24 12-57-53.png","2017-10-24-12-57-45","50.2957","0.6467"
327,43.37224304180745,-79.73567886342607,52.11748046875,"WPT 327","b2","0","Yes","stop","2in metal pole","Very Good","Very Good","30x30","","north","al","","84","Yes","112","","0","0","0","0","","","","","","2017-10-24-12-56-12","52.1175","0.7336"
326,43.372230143470006,-79.73569128624149,52.368701171875,"WPT 326","b2","0","Yes","alltab","2in metal pole","Very Good","Very Good","Default","","north","al","","75","Yes","111","","0","0","0","0","","","","","","2017-10-24-12-55-00","52.3687","0.7027"
325,43.37221578681874,-79.7356955086143,52.624072265625,"WPT 325","b2","0","No","redwhite","u channel","Very Good","Good","36x12","","north","al","","39","Yes","110","","0","0","0","0","","","325","325_2017-10-24 12-54-52.png","/storage/emulated/0/MapIt/Pictures/b2/325/325_2017-10-24 12-54-52.png","2017-10-24-12-53-24","52.6241","0.757"
324,43.37210128510833,-79.73556158672363,50.229052734375,"WPT 324","b2","0","Yes","stop","2in metal pole","Very Good","Very Good","Default","","south","al","","87","Yes","109","","0","0","0","0","","","","","","2017-10-24-12-52-00","50.2291","0.7402"
323,43.37209286979669,-79.73556551572801,52.637744140625,"WPT 323","b2","0","Yes","alltab","2in metal pole","Very Good","Good","Default","","south","al","","74","Yes","108","","0","0","0","0","","","","","","2017-10-24-12-50-35","52.6377","0.7736"
322,43.3720842096709,-79.73556111387006,52.939013671875,"WPT 322","b2","Croydon and Hampton","No","redwhite","u channel","Very Good","Very Good","36x12","","south","al","","39","Yes","107","","0","0","0","0","","","322","322_2017-10-24 12-49-27.png","/storage/emulated/0/MapIt/Pictures/b2/322/322_2017-10-24 12-49-27.png","2017-10-24-12-49-02","52.939","0.8397"
321,43.37040627518218,-79.73303300578482,45.275927734375,"WPT 321","b2","0","No","noparklr","u channel","Very Good","Very Good","Default","","south","al","","0","No","","","0","0","0","0","","2017-10-24-12-07-45","321","321_2017-10-24 12-07-35.png","/storage/emulated/0/MapIt/Pictures/b2/321/321_2017-10-24 12-07-35.png","2017-10-24-12-07-04","45.2759","0.8446"
320,43.37028908266802,-79.73305725512728,46.759326171875,"WPT 320","b2","0","No","s50b","u channel","Very Good","Good","Default","","west","al","","62","Yes","106","","0","0","0","0","","","320","320_2017-10-24 12-05-43.png","/storage/emulated/0/MapIt/Pictures/b2/320/320_2017-10-24 12-05-43.png","2017-10-24-12-05-33","46.7593","1.2173"
319,43.37061542993888,-79.73336966749775,48.2419921875,"WPT 319","b2","0","No","s40b","u channel","Very Good","Good","Default","","south","al","","74","Yes","105","","0","0","0","0","","","319","319_2017-10-24 12-04-00.png","/storage/emulated/0/MapIt/Pictures/b2/319/319_2017-10-24 12-04-00.png","2017-10-24-12-03-39","48.242","0.9142"
318,43.370611700755944,-79.73322663070394,49.255908203125,"WPT 318","b2","0","Yes","name","2in metal pole","Very Good","Very Good","Default","","south","al","","0","No","","","0","0","0","0","","","","","","2017-10-24-12-03-08","49.2559","0.8112"
317,43.370588075932574,-79.73321350666265,48.199267578125,"WPT 317","b2","0","Yes","name","2in metal pole","Very Good","Good","Default","","east","al","","0","No","","","0","0","0","0","","","","","","2017-10-24-12-02-46","48.1993","0.7565"
316,43.37058758088551,-79.73324572802994,47.408740234375,"WPT 316","b2","Hampton and randolph","No","stop","2in metal pole","Good","Very Good","Default","","east","al","","83","Yes","104","","0","0","0","0","","","316","316_2017-10-24 12-01-28.png","/storage/emulated/0/MapIt/Pictures/b2/316/316_2017-10-24 12-01-28.png","2017-10-24-12-01-13","47.4087","0.7245"
315,43.370674431125735,-79.73170802828827,47.273974609375,"WPT 315","b2","0","Yes","name","2in metal pole","Very Good","Very Good","Default","","south","al","","0","No","","","0","0","0","0","","","","","","2017-10-24-11-58-13","47.274","0.6523"
314,43.370673604786134,-79.73171816915055,46.96953125,"WPT 314","b2","0","Yes","name","2in metal pole","Very Good","Very Good","Default","","east","al","","0","No","","","0","0","0","0","","","","","","2017-10-24-11-57-58","46.9695","0.8864"
313,43.37067621752249,-79.73173293440414,46.22392578125,"WPT 313","b2","Winston and boxley","No","stop","2in metal pole","Good","Good","Default","","east","al","","80","Yes","103","","0","0","0","0","","","313","313_2017-10-24 11-56-51.png","/storage/emulated/0/MapIt/Pictures/b2/313/313_2017-10-24 11-56-51.png","2017-10-24-11-56-38","46.2239","0.72"
312,43.37013113510875,-79.73100239208725,46.11552734375,"WPT 312","b2","0","Yes","name","2in metal pole","Very Good","Very Good","Default","","west","al","","0","No","","","0","0","0","0","","","","","","2017-10-24-11-55-33","46.1155","0.4716"
311,43.370128879786535,-79.7309980770242,45.92412109375,"WPT 311","b2","0","Yes","name","2in metal pole","Very Good","Very Good","Default","","south","al","","0","No","","","0","0","0","0","","","","","","2017-10-24-11-55-12","45.9241","0.4905"
310,43.37014838162122,-79.73102111912885,45.6287109375,"WPT 310","b2","boxley and foxbar","No","stop","2in metal pole","Very Good","Very Good","Default","","south","al","","71","Yes","102","","0","0","0","0","","","310","310_2017-10-24 11-53-45.png","/storage/emulated/0/MapIt/Pictures/b2/310/310_2017-10-24 11-53-45.png","2017-10-24-11-53-29","45.6287","0.5287"
309,43.36953659110881,-79.73041243851185,-1.0,"WPT 309","b2","0","Yes","name","2in metal pole","Very Good","Very Good","Default","","west","al","","0","No","","","0","0","0","0","","","","","","2017-10-24-11-51-46","-1.0","-1.0"
308,43.36953400645143,-79.73041347936669,44.66484375,"WPT 308","b2","0","Yes","name","2in metal pole","Very Good","Very Good","Default","","north","al","","0","No","","","0","0","0","0","","","","","","2017-10-24-11-51-23","44.6648","0.6321"
307,43.36954554003296,-79.73040831269464,43.917041015625,"WPT 307","b2","stratton and boxley","No","stop","2in metal pole","Very Good","Fair","Default","","west","al","","74","Yes","101","","0","0","0","0","","","307","307_2017-10-24 11-49-36.png","/storage/emulated/0/MapIt/Pictures/b2/307/307_2017-10-24 11-49-36.png","2017-10-24-11-49-25","43.917","0.5017"
306,43.3708330899035,-79.72868960410051,43.958056640625,"WPT 306","b2","1","No","checkl","u channel","Very Good","Very Good","48x48","","west","al","","0","No","","","0","0","0","0","","","306","306_2017-10-24 11-47-28.png","/storage/emulated/0/MapIt/Pictures/b2/306/306_2017-10-24 11-47-28.png","2017-10-24-11-47-16","43.9581","0.7244"
305,43.37195719858755,-79.72927709149371,45.937548828125,"WPT 305","b2","stratton","No","stopahead","u channel","Very Good","Very Good","36x36","","south","al","","72","Yes","100","","0","0","0","0","","","305","305_2017-10-24 11-44-16.png","/storage/emulated/0/MapIt/Pictures/b2/305/305_2017-10-24 11-44-16.png","2017-10-24-11-44-08","45.9375","0.8487"
304,43.37115403520329,-79.72948743673805,45.6794921875,"WPT 304","b2","0","No","stop","u channel","Very Good","Very Good","Default","","west","al","","96","Yes","99","","0","0","0","0","","","304","304_2017-10-24 11-40-28.png","/storage/emulated/0/MapIt/Pictures/b2/304/304_2017-10-24 11-40-28.png","2017-10-24-11-39-50","45.6795","0.8362"
303,43.37142321279134,-79.72922275283054,43.860400390625,"WPT 303","b2","0","Yes","name","2in metal pole","Very Good","Very Good","Default","","east","al","","0","No","","","0","0","0","0","","","","","","2017-10-24-11-38-34","43.8604","0.5165"
302,43.37141783171592,-79.72924955259623,45.028369140625,"WPT 302","b2","0","No","name","hydro pole","Good","Very Good","Default","","south","al","","0","No","","","0","0","0","0","","","302","302_2017-10-24 11-38-25.png","/storage/emulated/0/MapIt/Pictures/b2/302/302_2017-10-24 11-38-25.png","2017-10-24-11-37-50","45.0284","0.4562"
301,43.37142639880676,-79.72921168433277,44.60087890625,"WPT 301","b2","foxbar and Stratton","No","stop","u channel","Very Good","Very Good","Default","","east","al","","86","Yes","98","","0","0","0","0","","","301","301_2017-10-24 11-35-14.png","/storage/emulated/0/MapIt/Pictures/b2/301/301_2017-10-24 11-35-14.png","2017-10-24-11-35-01","44.6009","0.4623"
300,43.37248742645443,-79.72983985320025,49.151171875,"WPT 300","b2","0","Yes","name","2in metal pole","Very Good","Very Good","Default","","east","al","","0","No","","","0","0","0","0","","","","","","2017-10-24-11-28-33","49.1512","0.5042"
299,43.37248759310296,-79.72983779308015,48.290576171875,"WPT 299","b2","0","Yes","name","2in metal pole","Very Good","Very Good","Default","","south","al","","0","No","","","0","0","0","0","","","","","","2017-10-24-11-28-17","48.2906","0.4622"
298,43.372483193486914,-79.72982871035856,47.139697265625,"WPT 298","b2","0","Yes","stop","2in metal pole","Very Good","Very Good","Default","","south","al","","79","Yes","97","","0","0","0","0","","","","","","2017-10-24-11-27-16","47.1397","0.6401"
297,43.37249528077518,-79.7298248297866,45.668017578125,"WPT 297","b2","Winston and Stratton","No","redwhite","2in metal pole","Very Good","Good","36x12","","south","al","","41","Yes","96","","0","0","0","0","","","297","297_2017-10-24 11-25-09.png","/storage/emulated/0/MapIt/Pictures/b2/297/297_2017-10-24 11-25-09.png","2017-10-24-11-24-58","45.668","0.5017"
296,43.370687616074065,-79.73171637307496,46.393359375,"WPT 296","b2","0","Yes","name","2in metal pole","Very Good","Very Good","Default","","south","al","","0","No","","","0","0","0","0","","","","","","2017-10-24-11-23-14","46.3934","0.5988"
295,43.370673478068056,-79.73172308393441,47.19072265625,"WPT 295","b2","0","Yes","name","2in metal pole","Very Good","Very Good","Default","","east","al","","0","No","","","0","0","0","0","","","","","","2017-10-24-11-22-49","47.1907","0.5083"
294,43.370681854376016,-79.73173943447728,45.686572265625,"WPT 294","b2","boxley and winston","No","stop","2in metal pole","Very Good","Very Good","Default","","east","al","","79","Yes","95","","0","0","0","0","","","294","294_2017-10-24 11-21-37.png","/storage/emulated/0/MapIt/Pictures/b2/294/294_2017-10-24 11-21-37.png","2017-10-24-11-21-26","45.6866","0.49"
293,43.373497813657195,-79.73150866579817,50.19560546875,"WPT 293","b2","0","No","yield","u channel","Fair","Very Good","Default","","west","al","","83","Yes","94","","0","0","0","0","","","293","293_2017-10-24 11-17-48.png","/storage/emulated/0/MapIt/Pictures/b2/293/293_2017-10-24 11-17-48.png","2017-10-24-11-17-14","50.1956","0.5129"
292,43.373717420770845,-79.73149362498953,50.098681640625,"WPT 292","b2","0","Yes","name","2in metal pole","Very Good","Very Good","Default","","west","al","","0","No","","","0","0","0","0","","","","","","2017-10-24-11-16-35","50.0987","0.5008"
291,43.373729999128955,-79.73150752635956,49.936572265625,"WPT 291","b2","Anthony and randolph","No","name","hydro pole","Very Good","Very Good","Default","","south","al","","0","No","","","0","0","0","0","","","291","291_2017-10-24 11-15-47.png","/storage/emulated/0/MapIt/Pictures/b2/291/291_2017-10-24 11-15-47.png","2017-10-24-11-16-01","49.9366","0.5305"
290,43.37122502566581,-79.73248720789161,47.745654296875,"WPT 290","b2","0","Yes","name","2in metal pole","Very Good","Very Good","Default","","east","al","","0","No","","","0","0","0","0","","","","","","2017-10-24-11-13-12","47.7457","0.5727"
289,43.37122905144497,-79.73250603998713,48.54326171875,"WPT 289","b2","0","No","name","2in metal pole","Very Good","Very Good","Default","","north","al","","0","No","","","0","0","0","0","","","289","289_2017-10-24 11-12-50.png","/storage/emulated/0/MapIt/Pictures/b2/289/289_2017-10-24 11-12-50.png","2017-10-24-11-12-43","48.5433","0.8539"
288,43.37106287295137,-79.73231536418825,47.424853515625,"WPT 288","b2","0","No","stop","u channel","Good","Very Good","Default","","south","al","","85","Yes","93","","0","0","0","0","","","288","288_2017-10-24 11-10-34.png","/storage/emulated/0/MapIt/Pictures/b2/288/288_2017-10-24 11-10-34.png","2017-10-24-11-10-28","47.4249","0.5321"
287,43.3710104212023,-79.73249152475546,48.6248046875,"WPT 287","b2","0","Yes","neighbourhoodwatch","2in metal pole","Very Good","Fair","Default","","west","al","","0","No","","","0","0","0","0","","","","","","2017-10-24-11-09-35","48.6248","0.5283"
286,43.37102023021089,-79.73249578557261,48.04130859375,"WPT 286","b2","0","No","s40","hydro pole","Good","Very Good","Default","","west","al","","82","Yes","92","","0","0","0","0","","","286","286_2017-10-24 11-09-25.png","/storage/emulated/0/MapIt/Pictures/b2/286/286_2017-10-24 11-09-25.png","2017-10-24-11-08-02","48.0413","0.6298"
285,43.37114765563001,-79.73261576676305,47.2244140625,"WPT 285","b2","Randolph and boxley","No","stop","u channel","Good","Very Good","Default","","north","al","","84","Yes","91","","0","0","0","0","","","285","285_2017-10-24 11-07-32.png","/storage/emulated/0/MapIt/Pictures/b2/285/285_2017-10-24 11-07-32.png","2017-10-24-11-06-01","47.2244","0.7132"
284,43.37188340792363,-79.7334464554242,47.949755859375,"WPT 284","b2","1","No","noexit","streetlight pole","Very Good","Very Good","Default","","south","al","","0","No","","","0","0","0","0","","","284","284_2017-10-24 11-03-38.png","/storage/emulated/0/MapIt/Pictures/b2/284/284_2017-10-24 11-03-38.png","2017-10-24-11-03-09","47.9498","0.4944"
283,43.37175215906609,-79.7331858077232,48.875048828125,"WPT 283","b2","0","Yes","name","2in metal pole","Very Good","Very Good","Default","","east","al","","0","No","","","0","0","0","0","","","","","","2017-10-24-11-02-21","48.875","0.5411"
282,43.371749767868096,-79.73318257660685,50.16435546875,"WPT 282","b2","0","Yes","name","2in metal pole","Very Good","Good","Default","","east","al","","0","No","","","0","0","0","0","","","","","","2017-10-24-11-01-45","50.1644","0.4785"
281,43.37174938562748,-79.73318335240037,47.335009765625,"WPT 281","b2","Anthony and boxley","No","stop","2in metal pole","Good","Very Good","Default","","east","al","","86","Yes","90","","0","0","0","0","","","281","281_2017-10-24 11-00-37.png","/storage/emulated/0/MapIt/Pictures/b2/281/281_2017-10-24 11-00-37.png","2017-10-24-11-00-21","47.335","0.4857"
280,43.37237432563961,-79.7324211093819,48.658984375,"WPT 280","b2","0","Yes","name","2in metal pole","Very Good","Very Good","Default","","east","al","","0","No","","","0","0","0","0","","","","","","2017-10-24-10-58-40","48.659","0.5386"
279,43.37238683444593,-79.73244279895516,50.31083984375,"WPT 279","b2","Anthony and fairfax","No","name","2in metal pole","Very Good","Very Good","Default","","north","al","","0","No","","","0","0","0","0","","","279","279_2017-10-24 10-58-31.png","/storage/emulated/0/MapIt/Pictures/b2/279/279_2017-10-24 10-58-31.png","2017-10-24-10-57-51","50.3108","0.7502"
278,43.373211416459526,-79.7332011197177,50.91875,"WPT 278","b2","0","Yes","name","2in metal pole","Very Good","Very Good","Default","","south","al","","0","No","","","0","0","0","0","","","","","","2017-10-24-10-56-06","50.9188","0.5929"
277,43.373204629967404,-79.73319994736812,51.25810546875,"WPT 277","b2","0","Yes","name","2in metal pole","Very Good","Very Good","Default","","east","al","","0","No","","","0","0","0","0","","","","","","2017-10-24-10-55-48","51.2581","0.6082"
276,43.37319365500116,-79.73321849636704,50.022998046875,"WPT 276","b2","Fairfax and calvert","No","yield","2in metal pole","Fair","Very Good","Default","","east","al","","79","Yes","89","","0","0","0","0","","","276","276_2017-10-24 10-54-34.png","/storage/emulated/0/MapIt/Pictures/b2/276/276_2017-10-24 10-54-34.png","2017-10-24-10-53-55","50.023","0.6268"
275,43.3726367699046,-79.73498431118605,49.966845703125,"WPT 275","b2","0","No","nostopr","u channel","Very Good","Very Good","Default","","west","al","","0","No","","","0","0","0","0","","","275","275_2017-10-24 10-49-53.png","/storage/emulated/0/MapIt/Pictures/b2/275/275_2017-10-24 10-49-53.png","2017-10-24-10-49-21","49.9668","0.8079"
274,43.37277842396725,-79.73501841060352,51.408740234375,"WPT 274","b2","0","No","s40","hydro pole","Very Good","Very Good","Default","","east","al","","0","No","","","0","0","0","0","","","274","274_2017-10-24 10-48-27.png","/storage/emulated/0/MapIt/Pictures/b2/274/274_2017-10-24 10-48-27.png","2017-10-24-10-47-57","51.4087","0.4202"
273,43.372811976184494,-79.73503095538581,50.652880859375,"WPT 273","b2","0","Yes","name","2in metal pole","Very Good","Very Good","Default","","east","al","","0","No","","","0","0","0","0","","","","","","2017-10-24-10-47-24","50.6529","0.4287"
272,43.372813599706205,-79.73502943944732,50.894580078125,"WPT 272","b2","0","Yes","name","2in metal pole","Very Good","Very Good","Default","","north","al","","0","No","","","0","0","0","0","","","","","","2017-10-24-10-47-09","50.8946","0.4213"
271,43.37281261788303,-79.73503059576069,50.917529296875,"WPT 271","b2","Croydon and cornwall","No","yield","2in metal pole","Very Good","Fair","Default","","north","al","","79","Yes","89","","0","0","0","0","","","271","271_2017-10-24 10-45-53.png","/storage/emulated/0/MapIt/Pictures/b2/271/271_2017-10-24 10-45-53.png","2017-10-24-10-45-37","50.9175","0.4316"
270,43.37314784669343,-79.73457729567963,50.110400390625,"WPT 270","b2","1","No","kidplay","u channel","Very Good","Good","Default","","north","al","","72","Yes","88","","0","0","0","0","","","270","270_2017-10-24 10-43-36.png","/storage/emulated/0/MapIt/Pictures/b2/270/270_2017-10-24 10-43-36.png","2017-10-24-10-42-55","50.1104","0.4645"
269,43.3735904055884,-79.73385196382696,50.39775390625,"WPT 269","b2","0","Yes","yield","2in metal pole","Very Good","Very Good","Default","","south","al","","69","Yes","87","","0","0","0","0","","","","","","2017-10-24-10-40-37","50.3978","0.4596"
268,43.37359678678331,-79.73384040056044,52.14970703125,"WPT 268","b2","0","No","yieldtab","u channel","Good","Very Good","Default","","south","al","","61","Yes","86","","0","0","0","0","","","268","268_2017-10-24 10-39-43.png","/storage/emulated/0/MapIt/Pictures/b2/268/268_2017-10-24 10-39-43.png","2017-10-24-10-38-46","52.1497","0.4843"
267,43.37372660456458,-79.73395861706558,50.92509765625,"WPT 267","b2","0","Yes","name","2in metal pole","Very Good","Very Good","Default","","south","al","","0","No","","","0","0","0","0","","","","","","2017-10-24-10-38-09","50.9251","0.4081"
266,43.373712060475555,-79.73398926344453,50.69267578125,"WPT 266","b2","Fairfax and Croydon","No","name","hydro pole","Good","Very Good","Default","","east","al","","0","No","","","0","0","0","0","","","266","266_2017-10-24 10-37-32.png","/storage/emulated/0/MapIt/Pictures/b2/266/266_2017-10-24 10-37-32.png","2017-10-24-10-37-21","50.6927","0.433"
265,43.37396489329603,-79.73370958237138,50.441943359375,"WPT 265","b2","1","No","s40b","hydro pole","Good","Very Good","Default","","east","al","","0","No","","","0","0","0","0","","","265","265_2017-10-24 10-36-23.png","/storage/emulated/0/MapIt/Pictures/b2/265/265_2017-10-24 10-36-23.png","2017-10-24-10-35-38","50.4419","0.4708"
264,43.374306770274416,-79.73316313297983,50.12138671875,"WPT 264","b2","0","Yes","name","2in metal pole","Very Good","Very Good","Default","","west","al","","0","No","","","0","0","0","0","","","","","","2017-10-24-10-33-51","50.1214","0.4069"
263,43.37430473802215,-79.73316283793429,50.0291015625,"WPT 263","b2","0","Yes","name","2in metal pole","Very Good","Very Good","Default","","north","al","","0","No","","","0","0","0","0","","","","","","2017-10-24-10-33-27","50.0291","0.442"
262,43.37431892406403,-79.7331673085755,49.169970703125,"WPT 262","b2","Croydon and Cornwall","No","stop","2in metal pole","Fair","Very Good","Default","","west","al","","79","Yes","85","","0","0","0","0","","","262","262_2017-10-24 10-31-19.png","/storage/emulated/0/MapIt/Pictures/b2/262/262_2017-10-24 10-31-19.png","2017-10-24-10-31-06","49.17","0.4949"
261,43.37401311046324,-79.73213047306672,51.418017578125,"WPT 261","b2","0","Yes","name","2in metal pole","Very Good","Very Good","Default","","north","al","","0","No","","","0","0","0","0","","","","","","2017-10-24-10-29-13","51.418","0.541"
260,43.37402932133682,-79.73209965972092,49.061083984375,"WPT 260","b2","0","No","name","hydro pole","Very Good","Very Good","Default","","west","al","","0","No","","","0","0","0","0","","","260","260_2017-10-24 10-29-07.png","/storage/emulated/0/MapIt/Pictures/b2/260/260_2017-10-24 10-29-07.png","2017-10-24-10-28-39","49.0611","0.75"
259,43.37423798691816,-79.73226161618186,50.567431640625,"WPT 259","b2","0","Yes","name","2in metal pole","Very Good","Very Good","Default","","north","al","","0","No","","","0","0","0","0","","","","","","2017-10-24-10-27-58","50.5674","0.4961"
258,43.37423943366957,-79.73228496961929,50.442431640625,"WPT 258","b2","0","Yes","name","2in metal pole","Very Good","Very Good","Default","","west","al","","0","No","","","0","0","0","0","","2017-10-24-10-27-57","","","","2017-10-24-10-27-27","50.4424","0.5655"
257,43.374220762086225,-79.73226368983342,49.886279296875,"WPT 257","b2","Randolph and Cornwall and calvert","No","yield","2in metal pole","Very Good","Fair","Default","","west","al","","83","Yes","84","","0","0","0","0","","","257","257_2017-10-24 10-27-15.png","/storage/emulated/0/MapIt/Pictures/b2/257/257_2017-10-24 10-27-15.png","2017-10-24-10-25-25","49.8863","0.5598"
256,43.37433000431156,-79.73711106268456,52.06083984375,"WPT 256","b2","0","No","noparklr","hydro pole","Very Good","Good","Default","","west","al","","0","No","","","0","0","0","0","","","256","256_2017-10-24 10-20-33.png","/storage/emulated/0/MapIt/Pictures/b2/256/256_2017-10-24 10-20-33.png","2017-10-24-10-20-00","52.0608","0.7103"
255,43.37428678974811,-79.73717945804856,49.544482421875,"WPT 255","b2","0","Yes","bump","2in metal pole","Very Good","Very Good","Default","","west","al","","86","Yes","83","","0","0","0","0","","","","","","2017-10-24-10-18-00","49.5445","0.671"
254,43.37428530914349,-79.73719420160887,49.35087890625,"WPT 254","b2","0","No","tab30","u channel","Very Good","Very Good","Default","","west","al","","65","Yes","82","","0","0","0","0","","","254","254_2017-10-24 10-17-47.png","/storage/emulated/0/MapIt/Pictures/b2/254/254_2017-10-24 10-17-47.png","2017-10-24-10-16-11","49.3509","1.5424"
253,43.374328085086745,-79.73727603043153,49.24248046875,"WPT 253","b2","0","No","noparkr","u channel","Good","Very Good","Default","","east","al","","0","No","","","0","0","0","0","","","253","253_2017-10-24 10-15-54.png","/storage/emulated/0/MapIt/Pictures/b2/253/253_2017-10-24 10-15-54.png","2017-10-24-10-15-29","49.2425","1.3227"
252,43.374406189267575,-79.73719972427716,51.554248046875,"WPT 252","b2","0","No","schoolahead","hydro pole","Good","Good","Default","","east","al","","0","No","","","0","0","0","0","","","252","252_2017-10-24 10-15-07.png","/storage/emulated/0/MapIt/Pictures/b2/252/252_2017-10-24 10-15-07.png","2017-10-24-10-14-27","51.5542","0.7333"
251,43.37450037592771,-79.73708749243815,50.857470703125,"WPT 251","b2","0","No","noparkl","u channel","Very Good","Very Good","Default","","east","al","","0","No","","","0","0","0","0","","","251","251_2017-10-24 10-13-59.png","/storage/emulated/0/MapIt/Pictures/b2/251/251_2017-10-24 10-13-59.png","2017-10-24-10-13-18","50.8575","0.8408"
250,43.374596929621475,-79.73681188876617,48.895068359375,"WPT 250","b2","0","No","noparkl","u channel","Fair","Very Good","Default","","east","al","","0","No","","","0","0","0","0","","","250","250_2017-10-24 10-12-49.png","/storage/emulated/0/MapIt/Pictures/b2/250/250_2017-10-24 10-12-49.png","2017-10-24-10-12-14","48.8951","1.4085"
249,43.374464069112946,-79.73689589871537,50.3337890625,"WPT 249","b2","0","Yes","name","2in metal pole","Very Good","Very Good","Default","","east","al","","0","Yes","","","0","0","0","0","","","","","","2017-10-24-10-11-33","50.3338","1.3615"
248,43.374466815246706,-79.73689791967263,48.194873046875,"WPT 248","b2","0","Yes","name","2in metal pole","Very Good","Very Good","Default","","south","al","","0","Yes","","","0","0","0","0","","","","","","2017-10-24-10-11-17","48.1949","1.0651"
247,43.37451795223478,-79.73687951224929,39.439013671875,"WPT 247","b2","Kent and spruce","No","stop","2in metal pole","Very Good","Very Good","Default","","south","al","","85","Yes","81","","0","0","0","0","","","247","247_2017-10-24 10-10-53.png","/storage/emulated/0/MapIt/Pictures/b2/247/247_2017-10-24 10-10-53.png","2017-10-24-10-09-36","39.439","1.7462"